Country,Year,Population - Both Sexes (Thousand),Food Price Inflation (%),Total Meat Production (Tonnes),Total Cereal Production (Tonnes),Total Egg Production (Tonnes),Total Pulses Production (Tonnes),Oil Crops Production (Tonnes),Vegetable Crops Production (Tonnes),Number of people undernourished (million),Per capita food production variability (constant 2004-2006 thousand int$ per capita),Per capita food supply variability (kcal/cap/day),Prevalence of undernourishment (percent),Average dietary energy supply adequacy (percent) ,Enteric Fermentation (Kilotonnes),Crop Residues (Kilotonnes),Manure left on Pasture (Kilotonnes),Temperature Change (°C),Mean Temperature,Rainfall (mm)
Cambodia,2000,12223,,68700,4183064,14950,321700,15100,54686,,,77,23.6,101,5144.32,356.2161,819.2307,0.623,27.19,2085.48
Cambodia,2001,12473,14.13006,67000,4284605,14950,322200,17153,53363,2.7,5,53,21.2,103,4882.684,367.6973,780.1178,0.74,27.38,1972.66
Cambodia,2002,12709,-0.92037,62200,3971406,16700,327971,23925,58893,2.5,5.8,65,19.4,104,4955.6101,357.9972,795.1995,0.713,27.48,1891.54
Cambodia,2003,12934,4.403464,63120,5025548,16500,327542,31815,71105,2.4,11.4,65,18.5,105,5094.8048,426.7538,817.7861,0.617,27.4,1828.58
Cambodia,2004,13149,0.595785,64080,4426949,17050,327157,45253,94730,2.3,11.2,49,17,106,5156.2963,394.2392,826.258,0.77,27.38,1754.38
Cambodia,2005,13356,6.963578,67120,6233960,17035,327820,45041,122557,2.1,11.2,34,15.6,107,5396.6753,500.8601,862.1593,0.749,27.54,1795.14
Cambodia,2006,13555,13.672952,70320,6641061,17720,338047,59899,84479,2,11.9,24,14.8,108,5686.5788,521.932,903.6511,0.628,27.52,2084.76
Cambodia,2007,13747,7.481358,71440,7250000,18115,343565,54490,88537,2,15.2,19,14.5,108,5783.943,552.3821,920.9688,0.467,27.35,2303.18
Cambodia,2008,13941,26.162431,72800,7787338,18719,369641,38600,83695,2,14.1,14,13.9,109,5858.0764,576.9203,934.606,0.442,26.95,1824.15
Cambodia,2009,14144,8.869583,75000,8509896,20372,376693,44614,89672,1.9,15.1,17,13.3,109,6008.5001,615.1289,963.3728,1.212,27.34,1920.72
Cambodia,2010,14365,7.836653,72672,9018589,21700,383738,71220,91722,1.8,3.3,22,12.7,110,5820.9689,647.7303,933.3397,0.863,27.9,1795.09
Cambodia,2011,14606,3.61976,72800,9496000,22175,368899,76196,85969,1.8,2.7,25,12,111,5699.6131,680.8959,915.0478,1.014,26.92,2158.9
Cambodia,2012,14865,7.72873,73200,10241849,22500,365538,74677,86476,1.6,11.2,18,10.8,113,5038.4258,714.8166,810.1349,0.623,27.8,1891.12
Cambodia,2013,15135,1.382566,69683,10317000,23000,365725,74167,92373,1.5,11.4,15,9.6,115,5013.904,716.7669,804.3839,1.108,27.39,2167.11
Cambodia,2014,15275,5.656726,64738,9874000,24199,366945,75310,92987,1.4,11,10,8.9,116,4989.18,688.2361,800.1052,1.484,27.51,1912.83
Cambodia,2015,15521,3.580145,63768,9735000,23000,381276,82963,100226,1.3,13.1,24,8.5,116,4981.8271,676.647,801.5057,1.091,27.89,1719.26
Cambodia,2016,15766,4.913073,64032,10615000,22700,371677,77480,112480,1.2,19,27,7.7,118,5007.3588,725.9461,805.6937,0.759,28.06,1804.53
Cambodia,2017,16009,6.525798,63338,11268000,23500,374570,78584,124777,1.1,17.7,27,6.8,119,4949.6016,761.6011,798.8999,1.513,27.55,2103.47
Cambodia,2018,16250,1.520065,62294,12124000,22700,374031,79676,139059,1,,27,6.2,120,4868.6124,800.4059,787.1287,0.285,27.56,1829.03
Cambodia,2019,16487,2.074261,61755,11781000,22720,372417,78580,155697,41.1,,26,,,4827.7039,801.2792,781.5594,0.519,28.09,1771.58
Indonesia,2000,208939,,385795,61575000,783000,8710401,290895,10495321,41.6,9.1,42,19.2,106,21555.7465,3770.8638,5994.7694,0.609,26.04,3008.68
Indonesia,2001,211970,0.841361,382329,59808000,850318,9880012,301997,11517100,41.6,4.9,47,19.1,107,21598.9549,3647.8291,6173.0476,0.602,26.1,2945.36
Indonesia,2002,215038,15.365896,372599,61074973,945950,11761395,289026,12723157,42.5,2.4,40,18.9,108,21982.6917,3682.5243,6724.435,0.544,26.23,2665.02
Indonesia,2003,218146,4.505036,410350,63024042,973590,13716174,336158,14107943,43.5,4.2,33,19.1,108,21085.4897,3758.6946,6532.2913,0.701,26.09,2972.61
Indonesia,2004,221294,1.730125,487810,65313711,1107420,15019329,311362,15856816,43.5,5.2,20,19.2,108,21063.9675,3896.4991,6471.643,0.403,26.11,2703.47
Indonesia,2005,224481,8.17743,396757,66674990,1051540,15261368,322130,19078956,42.9,4.6,9,19,109,20827.5568,3952.6485,6507.2666,0.444,26.13,2816.95
Indonesia,2006,227710,15.210267,439729,66064399,1204417,16639575,317326,20284018,40.9,5.1,12,18.5,110,21427.5081,3912.9021,6698.6559,0.239,26.01,2719.01
Indonesia,2007,230973,11.189447,381236,67878527,1382134,16567650,323704,20064148,36.9,4,13,17.4,112,22335.6617,3970.5459,7070.3687,0.557,26.03,2952.38
Indonesia,2008,234243,11.352031,431543,73984922,1323597,17829546,299302,21391288,31.3,4,13,15.5,113,23226.891,4227.9946,7214.3485,0.759,25.9,3099.96
Indonesia,2009,237487,13.547002,443955,76643740,1307900,18538441,315755,22656772,26.1,5,10,13,116,24086.0167,4358.42,7642.1749,0.411,26.17,2845.17
Indonesia,2010,240676,4.877467,472364,77610636,1366789,15634651,293001,34488784,23.4,2.7,22,10.7,118,25492.4344,4387.2232,7860.6606,0.734,26.27,3373.4
Indonesia,2011,243802,16.180784,520664,75902250,1284044,17130552,342419,37048792,21,3.2,27,9.4,119,26309.4851,4297.6817,8382.6449,0.749,26.07,2984.39
Indonesia,2012,246864,3.28598,545870,79092022,1416167,18978104,285607,39076554,19.6,3.9,32,8.3,121,28432.7593,4411.2856,9013.0485,0.774,26.18,2940.46
Indonesia,2013,249866,6.905036,542655,78606853,1514085,18006377,206070,42092734,18.2,4,34,7.7,123,23776.4324,4386.7259,8651.8714,1.448,26.24,2980.92
Indonesia,2014,255128,11.425329,532907,78067426,1568073,18510201,246028,41910997,17.7,4.3,21,7,125,27025.7391,4365.1129,9303.8968,0.943,26.23,2674.77
Indonesia,2015,258383,8.242085,542071,80643435,1704879,20732093,272938,42685359,16.8,5.6,27,6.8,126,28152.3638,4456.8118,9623.348,0.868,26.31,2552.66
Indonesia,2016,261556,6.595044,550389,77609413,1834514,18050529,254423,44729018,17.2,8.5,21,6.4,127,28596.3038,4540.0328,9773.226,1.021,26.42,3023.09
Indonesia,2017,264651,4.105054,515700,84176015,4995639,19051687,242785,55446153,17.6,,20,6.4,127,29360.7872,4757.6398,12339.8604,0.102,26.22,3105.07
Indonesia,2018,267671,2.946788,523318,89454472,5055586,20043394,184161,56254025,17.6,,25,6.5,126,28795.1478,4831.616,12632.5176,0.786,26.23,2910.73
Indonesia,2019,270626,2.004393,529591,77190033,5107931,20896051,165739,57222972,1.7,,34,,,30211.6232,4589.8722,12950.6355,0.72,26.39,2587.65
Lao People's Democratic Republic,2000,5388,,33000,2318700,10263,198152,14602,8259,1.6,16.3,19,31.2,96,3195.514,164.0261,521.7229,1.06,23.42,1801.88
Lao People's Democratic Republic,2001,5470,16.961014,34400,2446569,11788,209201,16609,8025,1.5,14.9,21,29.5,97,3310.2436,171.1909,541.274,0.491,23.66,2046.59
Lao People's Democratic Republic,2002,5545,6.902522,37550,2540622,12888,333045,16897,7954,1.4,14.5,22,26.9,98,3380.146,174.1225,558.82,0.961,23.71,2087.92
Lao People's Democratic Republic,2003,5619,10.20983,39800,2518278,13099,380673,16990,7975,1.3,6.2,22,24.1,99,3447.346,175.6302,574.7771,0.936,23.71,1576.33
Lao People's Democratic Republic,2004,5699,14.758497,39535,2732500,13206,387524,16135,7881,1.2,6,24,22.4,100,3524.956,185.3,589.9406,0.656,23.47,1712.46
Lao People's Democratic Republic,2005,5791,10.132502,40584,2940560,13324,400276,17900,13602,1.2,6.7,18,20.6,101,3473.96,190.9002,584.0761,0.338,23.85,1866.12
Lao People's Democratic Republic,2006,5896,11.018673,41282,3113650,14006,416690,17785,14372,1.1,9.6,25,20.1,100,3566.108,198.808,600.2269,0.699,23.8,1876.83
Lao People's Democratic Republic,2007,6013,10.982071,42230,3398240,13706,501908,16870,16477,1.1,6.3,21,18.3,101,3644.312,209.0085,614.2389,1.405,23.51,1816.67
Lao People's Democratic Republic,2008,6139,6.46239,43530,4077685,14806,458800,18085,15689,1,8.7,20,17.7,102,3757.1156,242.4906,631.9945,0.998,23.12,2072.55
Lao People's Democratic Republic,2009,6268,8.580576,44250,4279186,15106,512956,19315,18288,1,8.3,36,16,103,3851.764,253.7916,652.977,1.189,23.75,1625.27
Lao People's Democratic Republic,2010,6396,2.873333,45220,4091515,15396,501369,18395,21957,0.9,7.2,36,15.9,103,3935.484,249.5836,670.4973,0.758,24.27,1717.65
Lao People's Democratic Republic,2011,6521,9.693658,46480,4161995,15896,583576,17323,30339,0.8,6.1,31,14.5,105,4040.974,248.6876,694.6036,1.413,23.03,2131.94
Lao People's Democratic Republic,2012,6646,9.097007,48970,4614695,16396,680906,14844,21508,0.6,2.8,29,12.2,108,4233.8519,277.0119,728.4721,1.44,24.11,1826.99
Lao People's Democratic Republic,2013,6770,9.161226,49370,4628645,16896,766350,11970,24573,0.5,3.3,35,9,112,4274.116,274.0408,739.1435,1.192,23.72,2008.58
Lao People's Democratic Republic,2014,6640,11.485855,49491,5414865,17400,896604,10772,27847,0.4,11,36,6.7,116,4294.2732,312.2762,744.8027,0.894,23.87,1513.09
Lao People's Democratic Republic,2015,6741,4.533914,51288,5618250,16450,1218603,9771,29760,0.4,17.1,65,5.9,117,4406.0012,321.2591,767.7207,2.124,24.29,1506.68
Lao People's Democratic Republic,2016,6846,4.366091,52634,5701160,16650,1254685,8230,30333,0.4,17.5,85,5.6,118,4566.5368,325.425,793.3126,1.645,24.25,1841.43
Lao People's Democratic Republic,2017,6953,3.461236,54112,5232304,15400,1312534,7145,23809,0.4,,86,5.4,119,4674.4904,303.3821,813.832,0.405,23.77,2018.56
Lao People's Democratic Republic,2018,7062,-0.4905,55365,4566380,16126,1412007,7300,23820,1.6,,62,5.3,119,4769.5402,266.0222,834.3045,0.638,23.76,1804.08
Lao People's Democratic Republic,2019,7169,0.833877,57193,4328125,17072,1180527,8182,19487,0.6,,37,2.5,,4850.6607,243.9786,850.7345,0.765,24.5,1418.13
Malaysia,2000,23421,,17501,2205800,400513,1333937,,12451313,0.7,15.8,23,2.8,124,1344.9609,155.7074,470.3332,0.771,25.66,3404.24
Malaysia,2001,23926,0.595829,19319,2161995,407990,1353459,,12960915,0.7,13.2,41,2.9,123,1373.5219,151.4201,517.8389,0.692,25.76,3086.91
Malaysia,2002,24414,0.29615,22190,2267351,422281,1376054,,13091869,0.8,9.9,48,3.1,122,1307.7322,156.0767,546.8737,0.891,25.94,2769.93
Malaysia,2003,24891,1.181102,23966,2329000,432050,1440510,,14649072,0.8,7.2,60,3.2,122,1356.089,157.8779,582.4387,0.628,25.74,3250.4
Malaysia,2004,25365,1.167315,26658,2336000,441999,1399052,,15331935,0.9,8.6,57,3.4,122,1406.2985,159.0217,604.5252,0.686,25.69,2907.98
Malaysia,2005,25843,3.173077,29396,2389000,453000,1322137,,16396220,1,10,29,3.6,121,1403.0012,160.694,579.8953,0.571,25.73,2946.93
Malaysia,2006,26327,4.259635,31885,2267000,464000,1201157,,17390982,1,11.5,22,3.6,121,1400.0303,152.8267,594.1542,0.785,25.64,3240.83
Malaysia,2007,26814,3.11284,34976,2407075,487000,1059525,,17310472,1,6,19,3.5,121,1491.3156,160.7875,629.0587,0.985,25.57,3378.51
Malaysia,2008,27302,3.867925,38250,2385959,490400,1187802,,19215770,0.9,10,20,3.2,121,1511.7682,158.3243,648.4866,0.787,25.38,3720.94
Malaysia,2009,27790,9.809264,42178,2547439,523900,1177812,,18759673,0.8,8.6,22,3,122,1519.0671,166.5027,665.5493,1.001,25.68,3497.76
Malaysia,2010,28276,1.240695,46510,2512432,600901,1202850,,18203279,0.8,11.3,25,2.8,123,1489.2221,165.4216,692.6374,1.028,25.8,3281.77
Malaysia,2011,28759,3.636364,48835,2635830,637023,1180404,,20344716,0.9,12.5,35,3.2,123,1388.4481,171.2416,706.5496,1.218,25.58,3540.22
Malaysia,2012,29240,4.775828,51277,2682983,659777,1167125,,20789424,1,11.2,44,3.4,122,1350.7777,172.7696,734.6111,1.661,25.77,3343.6
Malaysia,2013,29717,2.232558,51715,2690153,698625,1080315,,20790469,1.1,9.1,53,3.8,121,1361.0755,171.8034,774.564,1.185,25.87,3222.1
Malaysia,2014,29867,4.185623,52901,1894019,742965,1180240,,20888679,1.1,9.7,39,3.5,119,1348.7044,134.829,782.005,1.184,25.78,2936.18
Malaysia,2015,30271,2.79476,50494,2803864,794975,1328908,,21523024,1.1,10.6,42,3.4,120,1336.0214,177.3012,802.5795,1.446,26.01,2783.16
Malaysia,2016,30685,3.908241,47956,2804473,836415,1294614,,18908713,1,11.1,44,3.2,120,1305.5504,178.0246,806.4727,0.11,26.3,2963.33
Malaysia,2017,31105,4.006541,46333,2643074,860861,1289631,,22263580,1,,51,3.2,120,1253.1137,171.3323,806.2453,0.563,25.85,3418.04
Malaysia,2018,31528,3.459119,46924,2708109,820394,1172750,,21538392,1,,46,37.6,120,1204.4416,175.2933,733.4232,0.647,25.89,3354.01
Malaysia,2019,31950,0.987842,44025,2413368,670089,1161408,,21684424,1,,19,,,1216.0108,183.9215,766.4577,0.644,26.17,2717.01
Myanmar,2000,48453,,91244,21785100,122069,1510780,1848459,515277,17.7,,38,34.8,90,19381.2759,1615.0618,3020.8314,0.587,23.06,2055.01
Myanmar,2001,48894,-0.750263,95466,22513600,115757,1613450,2230000,536340,16.6,8.4,36,32.4,92,19852.0753,1661.904,3112.1261,0.906,23.47,2060.17
Myanmar,2002,49261,24.32419,101862,22499700,130011,1680370,2517100,600971,15.6,6,34,30.2,94,20387.1667,1669.1553,3214.0231,0.773,23.4,2204.12
Myanmar,2003,49577,64.073035,113393,23945800,149487,1750325,2686500,659171,14.7,6.2,17,27.8,96,20726.6993,1752.1912,3262.9489,0.456,23.34,1894.28
Myanmar,2004,49875,32.448943,134341,25649700,174487,1691840,2827300,733720,13.6,4.3,11,24.8,98,21123.5916,1851.1035,3344.0364,0.463,23.19,2015.71
Myanmar,2005,50181,1.830134,151444,28735200,206639,1836180,3233400,780975,12.2,5.9,15,21.2,100,21501.4624,2045.9373,3429.6462,0.898,23.63,1896
Myanmar,2006,50500,10.30582,171874,32013900,231424,2003435,3687600,958328,10.5,4.7,19,18.4,104,21987.2675,2258.7264,3538.873,1.188,23.55,2234.03
Myanmar,2007,50829,22.0285,187120,32625200,256262,2047430,4139400,1021447,9.2,8.6,16,15.1,107,22910.1855,2289.4717,3627.4858,0.878,23.31,2218.78
Myanmar,2008,51174,34.430383,206695,33806400,293368,2227990,4651100,1215749,7.6,12.1,16,13.1,111,23574.0217,2362.8367,3749.5259,0.94,23.23,2037.6
Myanmar,2009,51540,28.531469,239197,34007161,352764,2237987,4840500,1247071,6.6,15.9,31,11.4,114,24061.1604,2375.2697,3884.887,0.799,23.75,1878.34
Myanmar,2010,51931,3.918918,264954,34042752,380655,2309115,5090700,1259604,5.8,13.8,32,11.2,117,24916.7298,2376.0861,4021.4448,1.115,24.04,2082.6
Myanmar,2011,52351,3.77113,293916,30636485,414546,2287985,5024606,1131844,5.8,6.6,64,10.5,117,25388.421,2199.2608,4285.6414,1.339,23.29,2344.57
Myanmar,2012,52797,3.634084,318478,28341452,440006,2261355,5292846,1073669,5.4,8.5,57,9.7,118,26885.824,2062.3599,4441.3229,1.28,23.54,1806.7
Myanmar,2013,53259,3.512389,344532,28622447,479496,2293735,5727802,1145239,5.1,15.9,48,8.9,119,27763.4239,2089.0017,4642.6489,1.024,23.32,2094.32
Myanmar,2014,52281,6.825728,369029,28794118,520529,2362313,4373244,1148148,4.7,15.7,49,8.4,121,28781.981,2101.3431,4905.8979,1.691,23.57,1592.23
Myanmar,2015,52681,7.960892,401747,28634816,561594,2521469,4528177,1157055,4.5,12.1,43,8.1,122,30149.3507,2085.9844,5186.2911,0.581,23.52,1946.75
Myanmar,2016,53045,11.586315,448241,28109553,595367,2465417,4505684,1137219,4.3,6.6,22,7.8,123,31335.0363,2065.5405,5374.6176,0.727,23.75,2227.96
Myanmar,2017,53383,9.729769,445963,29010461,614490,2565274,4102694,1052645,4.2,6.8,14,7.6,123,32393.1539,2128.358,5641.5093,0.624,23.53,2265.4
Myanmar,2018,53708,4.631055,450951,30021245,631000,2771730,3765932,1018289,4.1,,15,,123,33875.4245,2193.112,6018.8452,0.702,23.29,2018.12
Myanmar,2019,54045,6.789078,483211,28682554,635000,2706116,4026334,1040432,4.3,,19,,,35404.7239,2124.4707,6359.185,0.586,23.84,1847.63
Philippines,2000,77652,,261772,16901159,296845,10880523,57232,1754782,14.9,,38,18.7,110,9216.7879,1111.7677,2065.1763,0.671,25.79,2918.13
Philippines,2001,79298,4.865557,255165,17480299,300613,11330221,57016,1783681,15,10.2,38,18.4,110,9305.8139,1136.7036,2075.5012,0.716,25.85,2667.03
Philippines,2002,80954,1.709402,262471,17590069,314463,11771020,56310,1914658,14.2,7.4,28,17.1,111,9485.075,1137.498,2123.9858,0.754,25.73,2255.94
Philippines,2003,82605,0.480192,259261,18115690,328857,12036999,55411,1947418,13.7,5.2,25,16.2,112,9634.9478,1154.1726,2144.8555,0.423,25.61,2599.56
Philippines,2004,84231,3.345281,258949,19910353,353169,12271881,55857,1957343,12.9,0.9,19,14.9,114,9814.5385,1238.1664,2177.281,0.578,25.7,2272.52
Philippines,2005,85821,7.630058,249865,19856348,373554,13012071,55871,2017125,12.3,1.1,23,14,115,9800.6185,1228.9637,2225.3903,0.925,25.8,2393.55
Philippines,2006,87367,5.585392,251822,21408902,380315,13328845,55620,2038424,11.7,0.7,23,13.1,116,9568.3801,1300.5115,2029.4419,0.779,25.86,2343.9
Philippines,2007,88876,4.170905,288243,22977304,382094,14537178,58798,2033979,11.4,1.2,30,12.6,117,9655.4564,1374.8603,2030.8795,0.914,25.85,2569.5
Philippines,2008,90371,6.835938,285979,23744012,393348,15817104,61570,2105427,11.8,4.1,41,12.8,117,9595.39,1423.4642,2065.8348,0.775,25.52,2939.9
Philippines,2009,91886,11.334552,288360,23300701,408081,16086282,60362,2161738,12.6,5.8,31,13.4,116,9617.8068,1413.1995,2081.2569,0.964,25.56,2650.84
Philippines,2010,93444,5.00821,300005,22149369,424011,16188642,60199,2151646,13.1,5.3,28,13.7,115,9508.2484,1347.4435,2064.8985,1.422,25.83,2430.87
Philippines,2011,95053,4.847537,300603,23655648,441112,16249937,66791,2111873,13.3,4.4,22,13.7,115,9066.4672,1425.1441,1991.4952,1.05,25.63,3128.48
Philippines,2012,96707,3.206562,294983,25440477,460532,16486774,67615,2190074,13.7,3.3,41,13.8,115,8826.8863,1510.9414,1950.9952,1.076,25.93,2764.45
Philippines,2013,98394,2.836879,296876,25817440,468761,16016301,67984,2111276,13.9,4,42,13.8,115,8750.1865,1530.6435,1936.8289,1.151,25.94,2533.23
Philippines,2014,100513,4.53202,301468,26739122,457162,16376994,67417,2017908,13.6,3.9,38,13.3,115,8667.2588,1566.8354,1931.3337,,25.78,2345.38
Philippines,2015,102113,4.524034,304681,25669247,486954,16628306,64024,2021925,12.5,4.9,43,12.1,117,8711.3535,1515.7101,1943.3657,,26.02,2249.93
Philippines,2016,103664,0.901713,275129,24846678,505879,16306791,67285,1904819,11.4,6.1,34,10.9,120,8785.7265,1472.2214,1958.9926,,26.36,2362.35
Philippines,2017,105173,2.5916,238716,27191819,537838,16566470,68043,1942130,10.3,8.3,34,9.7,122,8791.042,1590.2813,1976.7177,,25.91,2928.63
Philippines,2018,106651,4.355401,203227,26838577,580516,16796494,68702,2035690,10.1,,33,9.4,123,8808.3476,1574.5368,1963.3387,,26.11,2596.05
Philippines,2019,108117,5.592654,200643,26794251,632803,16644308,68852,2040475,10.1,,44,,,8778.0756,1558.0572,1981.6762,,26.18,2286.55
Thailand,2000,62343,,201859,30529251,807263,10891828,281865,1113901,11,,45,17.3,107,9023.235,2236.3555,1872.1593,0.088,26.47,1713.71
Thailand,2001,63069,-0.947848,149545,33822931,793500,10642908,297342,1274178,10.5,11.7,41,16.4,108,8803.2381,2384.5201,1857.8508,0.69,26.66,1544.18
Thailand,2002,63798,0.679867,143184,32806558,842000,10859819,274315,1263100,9.7,12,40,15,109,9188.4038,2295.0132,1904.9546,0.698,26.75,1597.85
Thailand,2003,64488,0.582426,145131,34289394,858805,10461873,258000,1454974,8.9,11.7,38,13.7,110,9638.8141,2395.3501,1977.3116,0.835,26.66,1491.03
Thailand,2004,65087,3.710725,153142,33405924,698360,10525607,214892,1507193,7.8,10.4,18,11.9,112,10060.7032,2339.4192,2006.4944,0.571,26.59,1393.27
Thailand,2005,65559,4.542177,154628,34964181,778665,10907788,192000,1453140,7,8,18,10.6,113,10553.9018,2421.6487,2012.2485,0.912,26.81,1531.57
Thailand,2006,65884,4.950192,163351,34133744,837856,11517354,192452,1798996,6.7,14.5,25,10.2,113,11097.7337,2379.6441,2126.4769,0.709,26.7,1662.18
Thailand,2007,66077,4.526869,182818,36686812,882987,12620340,193253,1710040,7.1,15.1,42,10.6,112,11663.7131,2525.2048,2251.2514,0.576,26.58,1618.23
Thailand,2008,66185,4.687762,173662,36598693,925803,10993621,205000,2302009,6.9,16,41,10.4,112,11868.5224,2522.0238,2262.3069,0.43,26.24,1661.97
Thailand,2009,66277,10.76833,178948,37363714,982118,10801195,200077,2045617,6.7,12.2,40,10,112,11756.6977,2596.0452,2261.2588,0.529,26.64,1592.16
Thailand,2010,66402,3.284212,201066,40933902,1007500,10395235,207068,2047313,6.2,12.9,50,9.2,112,11424.5691,2813.3469,2233.2198,1.321,27.27,1579.24
Thailand,2011,66576,3.022814,187900,43447714,1023000,10951413,213000,2553514,6,9.5,52,8.8,113,10577.5769,2912.0939,2121.9823,0.95,26.22,1930.47
Thailand,2012,66785,7.703657,173736,43438509,1082396,11096675,208000,2657679,5.6,9,31,8.2,113,9901.4125,2907.6389,2014.5608,1.161,27.11,1494.56
Thailand,2013,67011,4.295499,166215,42040227,1091781,10693755,213256,2885664,5.3,19,17,7.7,114,9179.0335,2823.6905,1922.1829,0.744,26.75,1699.59
Thailand,2014,68439,3.621353,161922,37855166,1128688,11541344,210360,2895185,5,18.9,13,7.3,114,8437.3502,2558.7344,1829.3203,1.269,26.85,1428.48
Thailand,2015,68715,2.335899,173966,32890605,1100000,10848949,206530,2569216,5.1,16.9,11,7.5,113,8190.5223,2268.7205,1800.508,1.562,27.25,1370.19
Thailand,2016,68971,0.813943,173943,36677357,1085000,11315825,210049,2652028,5.4,19.9,14,7.7,113,8089.2936,2506.104,1780.9643,1.131,27.37,1547.98
Thailand,2017,69210,1.528057,167736,38175650,1085000,11735786,208980,3297477,5.5,28.6,13,7.9,114,8067.9772,2572.2317,1778.4019,0.888,26.87,1921.41
Thailand,2018,69428,0.088661,161037,37867955,1110000,10439486,208519,3546012,5.7,,13,8.2,115,7971.4286,2553.1186,1766.9573,1.774,26.86,1519.95
Thailand,2019,69626,1.338583,162905,33610006,1103421,10226251,209182,3733682,5.7,,13,,,7861.0276,2273.0588,1754.7667,,27.47,1261.91
Timor-Leste,2000,854,,1839,139449,1136,6507,3500,2514,0.4,,125,41.5,92,359.3146,8.6135,66.6249,,24.63,1394.4
Timor-Leste,2001,871,5.160083,1665,122845,1109,7456,4000,2616,0.3,6.5,75,36.5,95,431.3039,9.8061,77.6702,,24.9,1218.37
Timor-Leste,2002,899,4.906884,2281,147370,981,8442,4500,2454,0.3,6.2,66,33.1,98,427.4263,10.7173,78.3535,0.64,25.15,1292.2
Timor-Leste,2003,933,4.67737,1859,135608,748,9851,5460,2470,0.3,4.6,94,32.5,98,405.323,11.0985,76.0144,0.706,25.3,1419.16
Timor-Leste,2004,967,4.685325,1427,117203,827,10978,5874,2579,0.3,5.2,106,32.2,98,384.888,8.4231,74.3441,1.306,24.94,1402.04
Timor-Leste,2005,996,3.75,1437,151106,867,11971,6290,2597,0.3,3.8,91,31.9,98,399.9326,11.5486,79.1441,0.395,25.22,1195.69
Timor-Leste,2006,1018,-1.204819,1468,174394,906,12861,6708,2812,0.3,3.6,57,31.7,98,406.6495,13.2384,80.4261,0.638,24.38,1341.64
Timor-Leste,2007,1036,12.387677,1488,131946,947,13780,7212,2694,0.3,3,10,32.4,97,415.2975,11.0297,82.0113,0.351,24.63,1297.94
Timor-Leste,2008,1050,8.223872,1519,180430,987,15218,7647,2608,0.3,2.9,15,32.5,97,423.0647,13.8575,83.2921,0.785,24.7,1348.15
Timor-Leste,2009,1064,5.699208,1549,255490,1027,15103,8085,3341,0.4,4.8,17,32.5,97,430.5518,16.0163,84.6474,0.989,24.88,1281.5
Timor-Leste,2010,1079,2.446331,1600,261816,1080,14896,8521,1697,0.3,9.8,34,31.1,98,433.0437,15.8786,84.6478,,24.98,1452
Timor-Leste,2011,1096,12.475634,1662,148080,1080,15217,8954,2663,0.4,10.2,34,31,98,447.7918,10.4406,87.5643,0.555,24.51,1624.9
Timor-Leste,2012,1114,16.291161,1712,182005,1022,16584,10000,2324,0.3,10,29,28.7,100,462.6539,12.8898,90.1113,0.645,24.78,1429.21
Timor-Leste,2013,1133,13.90024,1763,188121,1047,16931,10500,2446,0.3,7.8,20,26.8,102,477.4954,11.7139,92.9823,0.83,25.23,1600.7
Timor-Leste,2014,1174,3.630705,1667,191297,1070,17217,10423,2589,0.3,9,18,24.5,104,479.2833,11.7871,93.308,2.019,25.07,1396.8
Timor-Leste,2015,1196,0.3003,1992,213902,1105,17326,10149,2483,0.3,7.1,42,24.1,104,564.3059,12.5787,103.2189,1.309,25.09,1339.89
Timor-Leste,2016,1219,-1.896208,2006,156565,1111,17175,10125,2390,0.3,4.6,50,24,104,586.2766,9.8838,105.0823,0.826,25.64,1304.02
Timor-Leste,2017,1243,0.305188,2016,141105,1110,17250,10522,2387,0.3,5.9,47,23.3,105,527.636,8.9543,94.4999,0.999,25.2,1421.55
Timor-Leste,2018,1268,1.115619,2050,145970,1449,17230,10741,2391,0.3,,46,22.6,106,529.3208,9.0224,93.1112,1.764,25.17,1124.7
Timor-Leste,2019,1293,1.404213,2219,156000,1448,17203,10463,2426,0.3,,32,,,535.5941,10.024,93.3594,0.182,25.22,982.76
Viet Nam,2000,80888,,186269,34537106,185430,4765983,244600,259647,15.9,,51,19.7,103,10639.3471,2154.6747,2085.8212,0.728,24.37,1778.95
Viet Nam,2001,81729,-3.634477,194530,34271811,200500,4821845,255200,269965,14.7,2.9,53,18,106,10247.9048,2129.5415,2058.0626,0.757,24.57,2005.09
Viet Nam,2002,82548,-0.660764,201354,36960263,226500,5360498,239737,287803,13.4,2.7,58,16.3,108,10505.6663,2240.7546,2122.8433,1.127,24.7,1968.1
Viet Nam,2003,83353,5.130327,204290,37706900,242600,5798775,252000,289222,13,3.6,24,15.7,109,11058.056,2267.9001,2258.7334,0.482,24.76,1703.34
Viet Nam,2004,84151,3.147352,220839,39581000,197000,6102500,263442,323563,13,4,15,15.5,110,11866.3591,2344.9235,2307.0335,0.907,24.47,1701.51
Viet Nam,2005,84948,15.499279,245363,39621600,197400,6336267,255400,343764,12.9,4.3,19,15.3,110,12860.7455,2338.7225,2477.6374,0.969,24.67,1883.54
Viet Nam,2006,85748,11.055963,277616,39705591,198500,6435400,274538,329642,12.1,2.9,22,14.1,112,14142.6128,2338.7352,2670.8538,0.597,24.79,1821.37
Viet Nam,2007,86553,7.295081,315795,40247514,223000,6604000,286000,350210,11.1,1.1,38,12.9,114,14594.678,2351.1998,2787.5929,0.293,24.47,1843.1
Viet Nam,2008,87369,22.011719,333191,43304799,247000,6824500,298900,362687,10.3,1.4,40,11.8,116,13882.684,2497.762,2719.0351,0.76,24.04,2020.05
Viet Nam,2009,88200,27.575998,368944,43323523,273300,7041127,293600,352651,9.7,1.9,35,11,118,13562.8438,2489.3278,2698.3599,1.176,24.66,1698.5
Viet Nam,2010,89047,7.59076,384261,44613831,321100,7327162,306287,361964,8.9,1.9,15,10,120,13137.4433,2551.934,2629.5562,0.818,24.92,1719.59
Viet Nam,2011,89914,16.592049,386499,47235598,344800,7562119,312935,362110,8.4,2.7,14,9.3,121,12381.068,2667.8613,2629.0624,0.992,24.01,1891.16
Viet Nam,2012,90796,23.018511,382438,48712658,365000,8181242,304640,353550,7.9,2.8,10,8.7,122,11929.201,2729.3539,2518.3127,0.638,24.78,1963.99
Viet Nam,2013,91680,1.338843,370937,49231389,387700,8285935,302482,364406,7.8,5.3,12,8.5,123,11808.5965,2761.7277,2454.6792,1.327,24.56,1977.81
Viet Nam,2014,91714,4.492835,378758,50178378,413555,8390813,301130,360901,7.5,5.3,9,8.1,124,11912.2257,2789.5211,2491.9754,1.283,24.77,1757.95
Viet Nam,2015,92677,2.108035,385476,50379410,443715,8470789,313326,372660,7.3,5.2,10,7.8,125,12201.212,2797.4264,2578.9648,1.213,25.14,1834.01
Viet Nam,2016,93640,0.939087,395238,48359870,472310,8431660,287104,369722,6.8,4.1,18,7.2,126,12404.0843,2707.5588,2641.8632,0.905,25.07,1864.5
Viet Nam,2017,94601,2.368756,409625,47877218,310462,8888761,301885,366819,6.5,6.7,18,6.8,127,12625.3716,2680.9577,2764.3629,1.864,24.69,1967.96
Viet Nam,2018,95546,-1.130281,426583,48923674,349443,9535915,318747,367964,6.5,,14,6.7,127,12735.3407,2707.0045,2828.6476,1.588,24.67,1860.41
Viet Nam,2019,96462,5.324393,449767,48231532,409994,10305028,307157,377857,6.5,,22,,,12779.2334,2666.7536,2996.0992,1.588,25.28,1709.43